"","lat","lon","cc","cth","ctt","cod","nd","tdiff","time.rel","sza","ctt.25","ctt.75","cod.25","cod.75","nd.25","nd.75","cth.25","cth.75","cc.025","cc.975","cod.me","sat"
"1",83.2354941014433,-3.21409100903636,0,430.194360799343,-32.7155437858454,0,NA,3,-23.6666666666667,88.1224816753927,-34.42000198327,-33.0500020138919,0,0,NA,NA,50,100,0,0,0,"MODIS"
"2",82.77362143266,-1.78624085385071,0,124.428124247532,-32.7606750256236,0,NA,2,-23.0833333333333,90.4981402439024,-34.3500019848346,-33.1000020127743,0,0,NA,NA,0,100,0,0,0,"MODIS"
"3",81.9971076885026,0.15308288510312,0,2460.99685204617,-35.457585778334,0,NA,3,-22.0833333333333,90.4895410729254,-35.850001951307,-34.5100019812584,0,0,NA,NA,250,3650,0,0,0,"MODIS"
"4",83.0375486719647,-2.60215522824251,0,0,-32.7663770529353,0,NA,0,-23.4166666666667,93.3936432886787,-33.6100020013749,-33.5000020038336,0,0,NA,NA,0,0,0,0,0,"MODIS"
"5",82.2554829373503,-0.477951713208108,0,178.588152657457,-32.7241882720858,0,NA,1,-22.4166666666667,93.7243694209201,-34.2300019875169,-33.0200020145625,0,0,NA,NA,0,100,0,0,0,"MODIS"
"6",81.5043412197978,1.21464904134653,0,1424.23250102333,-34.311277609941,0,NA,2,-21.4166666666667,94.0423278488726,-35.7000019546598,-33.9000019948929,0,0,NA,NA,50,3650,0,0,0,"MODIS"
"7",80.7768760856463,2.57412683154249,0,533.305493689681,-33.6994564006483,0,NA,3,-20.4166666666667,94.3447993341964,-34.2600019868463,-33.0500020138919,0,0,NA,NA,50,500,0,0,0,"MODIS"
"8",83.3674577210956,-3.62204819623226,0,0,-32.7903980800525,0,NA,-2,-23.8333333333333,95.959196975153,-33.6900019995868,-33.6300020009279,0,0,NA,NA,0,0,0,0,0,"MODIS"
"9",82.57845199841,-1.26674496109714,0,0,-32.955437209457,0,NA,-1,-22.8333333333333,96.5804320203304,-33.7000019993633,-32.3000020306557,0,0,NA,NA,0,0,0,0,0,"MODIS"
"10",81.8101788315784,0.569072250871099,0,3.21670428893905,-32.2362689177707,0,NA,0,-21.8333333333333,97.1765596846847,-32.43000202775,-32.3000020306557,0,0,NA,NA,0,0,0,0,0,"MODIS"
"11",81.0780386016255,2.06419754602783,0,179.084720121029,-33.0189009215812,0,NA,1,-20.8333333333333,97.7458765989466,-33.9900019928813,-32.8000020194798,0,0,NA,NA,50,100,0,0,0,"MODIS"
"12",80.35778892421,3.22828733641349,0,361.208665906499,-33.0406963502539,0,NA,2,-19.8333333333333,98.2879078738371,-33.8300019964576,-32.2100020326674,0,0,NA,NA,50,500,0,0,0,"MODIS"
"13",79.6536031828293,4.05813994585872,0,2018.80544666804,-34.7675174377141,0,NA,3,-18.8333333333333,98.7932536082474,-36.2400019425899,-32.2100020326674,0,0,NA,NA,250,3700,0,0,0,"MODIS"
"14",82.8396032424862,-1.99021944744866,0,0,-33.3200020078579,0,NA,-3,-23.1666666666667,98.6487701396348,-33.9300019942224,-33.7700019977987,0,0,NA,NA,0,0,0,0,0,"MODIS"
"15",82.0617015007145,-0.00467576447468732,0,0,-32.6705483882892,0,NA,-2,-22.1666666666667,99.4264310776942,-32.8700020179152,-32.5000020261854,0,0,NA,NA,0,0,0,0,0,"MODIS"
"16",81.3208386527294,1.60199511563179,0,0,-32.0187874811766,0,NA,-1,-21.1666666666667,100.16511342155,-32.8700020179152,-31.580002046749,0,0,NA,NA,0,0,0,0,0,"MODIS"
"17",80.5961785760588,2.88008440285129,0,84.1800356506239,-31.9499396498889,0,NA,0,-20.1666666666667,100.880472370766,-32.2300020322203,-31.580002046749,0,0,NA,NA,0,100,0,0,0,"MODIS"
"18",79.8860903423812,3.80521221383881,0,462.728820774798,-32.9667963963392,0,NA,1,-19.1666666666667,101.562988505747,-33.4100020058453,-32.1100020349025,0,0,NA,NA,300,300,0,0,0,"MODIS"
"19",79.1953531264506,4.49292599651302,0,2281.21480289622,-31.9942498251003,0,NA,2,-18.1666666666667,102.215884955752,-32.8575020181946,-31.5900020465255,0,0,NA,NA,1600,2950,0,0,0,"MODIS"
"20",78.5149330296242,5.12419209310343,0,3179.89357658685,-32.3031985338145,0,NA,3,-17.1666666666667,102.856408209806,-33.1900020107627,-31.5900020465255,0,0,NA,NA,2950,3450,0,0,0,"MODIS"
"21",74.8514727023935,9.04624535969066,0.897311591009255,2883.71529308065,-24.3356787181487,84.8061329656075,246.030397137398,-3,-11.5,79.6201322168356,-26.2300021663308,-23.1100022360682,14.2999996803701,149.999996647239,30.8137908570085,367.43327606799,2550,3250,0.820690677338076,0.980792160065333,95.1399978734553,"MODIS"
"22",74.2501742178082,9.64416608396601,0.84468438538206,3158.88704318937,-25.6786940391196,79.8517548596924,149.743766789902,-2,-10.5,79.014530730897,-27.3300021417439,-23.7700022213161,8.23749981587753,149.999996647239,14.8079161797753,182.603359450435,3000,3500,0.761719588894002,0.920466595970307,67.6399984881282,"MODIS"
"23",73.6641416481608,10.1887882263257,0.774821286735504,3216.18347895155,-25.450796464924,73.9386123266919,93.9434249817119,-1,-9.5,78.4230301826847,-28.1700021229684,-22.8100022427737,3.85249991388991,149.999996647239,6.79930977871057,101.940547806389,2800,3500,0.63885363940971,0.863905325443787,41.8549990644678,"MODIS"
"24",73.1013546365317,10.830709932391,0.69022154316272,3102.52100840336,-24.2196507979741,64.2674737353969,71.8588972827135,0,-8.5,77.842666157372,-28.1700021229684,-20.7500022888183,1.01249997736886,149.999996647239,2.92587138908191,79.9651090662699,2550,3500,0.552325581395349,0.76431855500821,19.2899995688349,"MODIS"
"25",72.55276479226,11.5763347869715,0.655297532656023,3015.82002902758,-23.3705464972994,57.0863231071852,76.5477953900686,1,-7.5,77.2482692307692,-27.1000021468848,-18.4000023413449,0,149.999996647239,2.49345640351798,70.812590691713,2350,3500,0.510752688172043,0.741829138603332,12.2499997261912,"MODIS"
"26",71.9974282769684,12.2874626599182,0.579730197163611,2917.38152888274,-22.515432896194,51.1408290194869,79.6577989402096,2,-6.5,76.648751297129,-28.5600021142512,-14.2500024341047,0,149.999996647239,2.75729135483001,68.5332148091883,2100,3750,0.449007314524556,0.714581791265729,6.53999985381961,"MODIS"
"27",71.4473783359337,12.9144332082705,0.592387768379961,3400.66688353936,-26.2722045076123,45.9245793248394,46.4890050139586,3,-5.5,76.0647332465843,-33.4600020047277,-15.9800023954361,0,149.999996647239,1.58521306866703,34.4335512124672,2300,4500,0.393161814488829,0.850595437371466,6.49499985482544,"MODIS"
"28",73.9049890929468,9.96883036595348,0,NA,NA,NA,NA,-3,-9.91666666666667,NA,NA,NA,NA,NA,NA,NA,NA,NA,NA,NA,NA,"MODIS"
"29",73.8568196039896,10.0128219380279,0.691401191401191,2886.49350649351,-23.6348545863435,48.1761449993253,166.25987549717,-3,-9.83333333333333,76.5536350686351,-26.5900021582842,-15.5200024057179,0.989999977871775,134.439996995032,5.36015193412187,175.732845555124,2100,3300,0.587037037037037,0.78986051064524,11.5599997416139,"MODIS"
"30",73.283868021789,10.5787284166452,0.654429760156632,2932.65293460727,-23.470385205121,46.1216252539765,138.721243864145,-2,-8.83333333333333,75.969610866373,-26.9300021506846,-13.6300024479627,0,120.327497310471,3.0147807183219,132.917952714887,1900,3550,0.553076203208556,0.737455285309645,8.36999981291592,"MODIS"
"31",72.7359779698504,11.3312330663302,0.637196195843607,3038.29736211031,-23.8481717056268,47.2004979469826,122.216027138076,-1,-7.83333333333333,75.4077081131854,-28.1300021238625,-13.3200024548918,0,149.999996647239,2.43556165204322,111.658507456792,1900,3750,0.524922724468076,0.727654926984906,8.09999981895089,"MODIS"
"32",72.1844394429057,12.0584791319284,0.556465178871818,2607.82547666394,-20.1341549309349,38.095891264673,139.098031309308,0,-6.83333333333333,74.846101827969,-26.5200021598488,-10.1900025248527,0,44.2899990100413,2.28181379511786,108.470989404714,1200,3550,0.454332306516167,0.657672849915683,4.42999990098178,"MODIS"
"33",71.6270671306862,12.7254363706921,0.535779816513761,2612.5183678083,-19.4848321983036,34.5151562711597,129.022027143345,1,-5.83333333333333,74.2806929303832,-26.4100021623075,-9.9800025295466,0,30.6799993142486,1.78746091357795,98.9130546433744,1200,3750,0.418049235155436,0.634316392229773,3.68999991752207,"MODIS"
"34",71.0950828795454,13.2810568726761,0.571007784557122,3092.34513274336,-23.054490846319,33.0928542992398,78.4777752629553,2,-4.83333333333333,73.7439743320008,-32.8600020181387,-9.07000254988668,0,24.3024994567968,1.00668033248885,38.0684736897839,1400,4250,0.419868852459016,0.689880034956701,4.59999989718199,"MODIS"
"35",70.605781560075,13.7783946313547,0.579582077138996,3513.20651579753,-26.9123837604692,32.5570467824295,33.1241480111894,3,-3.83333333333333,73.2519555047302,-37.1400019224733,-16.0100023947656,0,25.0249994406477,0.835500116586545,13.2608449076957,2350,4500,0.314421939680662,0.819494468222563,5.05999988690019,"MODIS"
"36",72.9644695975886,11.0196960692003,0.536409752904598,2549.68857564334,-20.6407452093524,39.6555366688579,184.221226198549,-3,-8.25,76.7107887416135,-25.9100021734833,-11.210002502054,0,55.3549987627193,2.95058360638766,172.586245211811,1450,3500,0.434782608695652,0.634615384615385,3.83999991416931,"MODIS"
"37",72.4153549090672,11.7601610774525,0.504265908282972,2552.11380663575,-20.2833616922342,36.1626724942253,127.842749825766,-2,-7.25,76.2846853892641,-26.1600021678954,-11.1000025045126,0,34.6499992255121,2.73320448306183,104.249029389687,1450,3550,0.391374286047325,0.601705093038772,2.66499994043261,"MODIS"
"38",71.8571699025154,12.4592003059106,0.49430171914236,2756.219771716,-21.293618266231,35.6606134582834,91.1646464397653,-1,-6.25,75.8536333784045,-27.9000021290034,-9.89000253155825,0,30.4699993189424,1.48952669578852,98.3556926671251,1650,3800,0.381101556101556,0.612020015228979,2.30999994836748,"MODIS"
"39",71.3126117398693,13.0561808364542,0.423608204269569,2426.76852239431,-18.4848662992632,28.1547000822882,52.7123205626942,0,-5.25,75.4295709501884,-26.0400021705776,-8.68000255860386,0,14.2299996819347,0.997604720672504,33.6589777633184,1000,3800,0.27639751552795,0.577777777777778,0,"MODIS"
"40",70.8054149546369,13.5720063008095,0.396461782717169,2676.77477886142,-20.0335904200499,24.9780194008722,37.4510764191586,1,-4.25,75.0356611476525,-29.4400020945817,-8.49000256285069,0,11.749999737367,1.30972223325706,21.5002944834714,1200,4000,0.197097737942808,0.57318630144154,0,"MODIS"
"41",70.341566566471,14.0643296460628,0.437161163134549,3350.99802858551,-25.2883388064015,24.8082793863493,13.3514739347553,2,-3.25,74.6837900443568,-34.710001976788,-12.5000024732202,0,12.2174997269176,0.578079545689641,10.9129399211525,2100,4550,0.210647307924985,0.637450199203187,0.879999980330467,"MODIS"
"42",69.91570606022,14.5764044855521,0.456046883324454,3591.58231220032,-28.0637234892212,24.2909531064955,5.90278985243559,3,-2.25,74.3730687266915,-36.7300019316375,-17.7200023565441,0,12.9649997102097,0.469170612407339,7.36888851050822,2600,4550,0.187400398406375,0.688396849052587,1.31499997060746,"MODIS"
"43",72.0441810684528,12.2302167779207,0.360166288737717,2635.58201058201,-20.2244656414579,36.2340657056006,146.952005422863,-3,-6.58333333333333,80.2288397581255,-26.0200021710247,-11.8100024886429,0,32.8199992664158,1.3877936754788,104.655177196562,1650,3550,0.254237288135593,0.480957022596367,0,"MODIS"
"44",71.4923005346218,12.8671839988759,0.360199418363108,2826.56834233486,-20.9557729531024,34.0537466422462,82.4658268154069,-2,-5.58333333333333,80.0035812214375,-27.6300021350384,-12.5500024721026,0,22.1649995045736,1.40686233337221,65.7735349988348,1900,3800,0.228933435571622,0.491407857352797,0,"MODIS"
"45",70.970939483156,13.4057494847332,0.314823107926556,2860.41200179131,-20.6950403554306,29.2621489205034,55.7584935130638,-1,-4.58333333333333,79.7855306762203,-27.6300021350384,-12.2000024799257,0,10.5399997644126,1.16889391923399,62.4967430419433,1900,3800,0.151315789473684,0.513888888888889,0,"MODIS"
"46",70.4925465628161,13.9009382090867,0.212410501193317,2504.29594272076,-17.9435823038142,18.0385437495517,64.588020592801,0,-3.58333333333333,79.6674383452665,-25.6800021786242,-8.35000256597993,0,0.989999977871775,1.07637835027998,62.0689570630395,1450,3550,0.130352888624181,0.355962829117192,0,"MODIS"
"47",70.0546507308832,14.4032794803266,0.0367647058823529,2427.57352941176,-17.1303700167823,2.58338229519808,NA,1,-2.58333333333333,79.6698529411765,-25.3300021864474,-7.9700025744736,0,0,NA,NA,1200,3550,0,0.0833333333333333,0,"MODIS"
"48",69.6540263288303,14.9247619849997,0,NA,NA,NA,NA,2,-1.58333333333333,NA,NA,NA,NA,NA,NA,NA,NA,NA,NA,NA,NA,"MODIS"
"49",69.3116638552973,15.4195640500982,0,NA,NA,NA,NA,3,-0.583333333333333,NA,NA,NA,NA,NA,NA,NA,NA,NA,NA,NA,NA,"MODIS"
"50",71.1778451438049,13.197928464638,0,2889.26237161531,-21.1430461642537,0,NA,-3,-5,86.6317366946779,-27.5500021368265,-12.4300024747848,0,0,NA,NA,1900,3800,0,0,0,"MODIS"
"51",70.6812715582475,13.6966989128666,0,2554.91803278689,-18.5152482404083,0,NA,-2,-4,86.8845901639344,-28.8000021088868,-7.9700025744736,0,0,NA,NA,1200,4050,0,0,0,"MODIS"
"52",70.2283315692121,14.1868732237949,0,NA,NA,NA,NA,-1,-3,NA,NA,NA,NA,NA,NA,NA,NA,NA,NA,NA,NA,"MODIS"
"53",69.8114975572226,14.7062482394711,0,NA,NA,NA,NA,0,-2,NA,NA,NA,NA,NA,NA,NA,NA,NA,NA,NA,NA,"MODIS"
"54",70.4170565646436,13.9826339275748,0,2901.24466571835,-20.3449145418739,0,NA,-3,-3.41666666666667,94.5421789473684,-29.8700020849705,-8.96000255234537,0,0,NA,NA,1450,4050,0,0,0,"MODIS"
"55",69.9851783955516,14.4898419829394,0,2827.47459540836,-19.3631694873567,0,NA,-2,-2.41666666666667,94.7452454780362,-28.2700021207332,-7.72000258006153,0,0,NA,NA,1450,4050,0,0,0,"MODIS"
"56",69.5910378374734,15.0121674832111,0,2748.96331738437,-18.7794706524979,0,NA,-1,-1.41666666666667,94.9554776579353,-28.6875021114014,-6.80000260062513,0,0,NA,NA,1250,4050,0,0,0,"MODIS"
"57",69.2629027537838,15.4951171786415,0,2912.02140798683,-22.1650939523407,0,NA,0,-0.416666666666667,95.1521987230646,-32.3400020297616,-10.0900025270879,0,0,NA,NA,1450,4100,0,0,0,"MODIS"
"58",69.7170148201872,14.8373564867883,0,2854.23923006416,-18.2941175284062,0,NA,-3,-1.75,102.842224184783,-31.5000020485371,-6.6500026039779,0,0,NA,NA,1000,4300,0,0,0,"MODIS"
"59",69.3604249568109,15.3440109215548,0,2967.16473945037,-21.4951534635854,0,NA,-2,-0.75,103.162721666438,-35.4300019606948,-8.0800025720149,0,0,NA,NA,1250,4350,0,0,0,"MODIS"
"60",69.1897611015135,15.6084468714566,0,3394.59576682859,-26.4014825067858,0,NA,-3,-0.166666666666667,109.71417116813,-35.7300019539892,-18.9300023294985,0,0,NA,NA,2400,4350,0,0,0,"MODIS"
"61",81.1985036080171,1.86022583182196,0,NA,NA,NA,NA,-3,-21,NA,NA,NA,NA,NA,NA,NA,NA,NA,NA,NA,NA,"MODIS"
"62",80.4757135696672,3.08405611705716,0,NA,NA,NA,NA,-2,-20,NA,NA,NA,NA,NA,NA,NA,NA,NA,NA,NA,NA,"MODIS"
"63",80.0040149878384,3.66098099448248,0,17.4548581255374,-30.3636822115116,0,NA,-3,-19.3333333333333,101.681857265692,-30.6100020684302,-29.4200020950287,0,0,NA,NA,0,0,0,0,0,"MODIS"
"64",79.3099156405453,4.38422948384945,0,1584.96884735203,-29.0577669006333,0,NA,-2,-18.3333333333333,102.22890576324,-30.2300020769238,-27.7300021328032,0,0,NA,NA,0,2500,0,0,0,"MODIS"
"65",78.6281045461706,5.01967817631806,0,2681.74463594794,-28.1609553416016,0,NA,-1,-17.3333333333333,102.760467815688,-28.8300021082163,-27.520002137497,0,0,NA,NA,2500,2750,0,0,0,"MODIS"
"66",77.9596301120264,5.68762485663444,0,3084.09234661607,-28.9629654196016,0,NA,0,-16.3333333333333,103.270082226439,-30.1400020789355,-26.3200021643191,0,0,NA,NA,2750,3200,0,0,0,"MODIS"
"67",77.2957765950629,6.4154905860599,0,4405.89656152316,-39.3487429927379,0,NA,1,-15.3333333333333,103.756885478829,-42.5800018008798,-34.7800019752234,0,0,NA,NA,3700,4950,0,0,0,"MODIS"
"68",76.6340366352907,7.13918783884442,0,3947.83055198973,-35.6765102992128,0,NA,2,-14.3333333333333,104.228405648267,-38.2200018983334,-32.0400020364672,0,0,NA,NA,3450,4200,0,0,0,"MODIS"
"69",75.9884575780744,7.8186031497412,0,3107.58636788049,-27.8511692636126,0,NA,3,-13.3333333333333,104.681491596639,-30.8500020630657,-24.9800021942705,0,0,NA,NA,2750,3450,0,0,0,"MODIS"
"70",78.8544475792632,4.81065034274733,0,2215.4840777944,-19.2788794692236,0,NA,-3,-17.6666666666667,99.4277427400677,-27.7700021319091,-25.1200021911412,0,0,NA,NA,2050,2500,0,0,0,"MODIS"
"71",78.1806958125522,5.45816543326162,0,2407.04483804053,-24.6745147270252,0,NA,-2,-16.6666666666667,99.709819690442,-26.5600021589547,-22.4100022517144,0,0,NA,NA,2050,2750,0,0,0,"MODIS"
"72",77.5171705032818,6.16628743303358,0,2587.26169844021,-25.3856193342904,0,NA,-1,-15.6666666666667,99.9612963764978,-27.3200021419674,-22.3000022541731,0,0,NA,NA,2250,3000,0,0,0,"MODIS"
"73",76.8542096610674,6.90194078896532,0,3077.19659710222,-28.1612423198907,0,NA,0,-14.6666666666667,100.190324338695,-28.700002111122,-24.950002194941,0,0,NA,NA,2750,3200,0,0,0,"MODIS"
"74",76.2011605937943,7.59751901923236,0,3551.82957393484,-31.340919345322,0,NA,1,-13.6666666666667,100.40472556391,-30.4700020715594,-27.8200021307915,0,0,NA,NA,3200,3450,0,0,0,"MODIS"
"75",75.5690882252613,8.26945730194281,0,3641.0358565737,-31.4117767698098,0,NA,2,-12.6666666666667,100.597738742002,-30.3700020737946,-24.8000021982938,0,0,NA,NA,2950,3450,0,0,0,"MODIS"
"76",74.9529003186205,8.94049602156989,0,4233.90183028286,-36.5176266980878,0,NA,3,-11.6666666666667,100.768240256654,-51.2600016068667,-25.9700021721422,0,0,NA,NA,3000,6000,0,0,0,"MODIS"
"77",77.7938308366322,5.85971942416406,0,NA,NA,NA,NA,-3,-16.0833333333333,NA,NA,NA,NA,NA,NA,NA,NA,NA,NA,NA,NA,"MODIS"
"78",77.1297311638987,6.60239295082964,0,NA,NA,NA,NA,-2,-15.0833333333333,NA,NA,NA,NA,NA,NA,NA,NA,NA,NA,NA,NA,"MODIS"
"79",77.7385644115007,5.91708428000727,0,2177.90121483376,-22.9602991229274,0,NA,-3,-16,95.091102952913,-25.3100021868944,-22.1300022579729,0,0,NA,NA,1850,2750,0,0,0,"MODIS"
"80",77.074382686844,6.66469373908622,0,2351.67511031214,-23.0925858790172,0,NA,-2,-15,95.0446254284315,-26.0300021708011,-20.1400023024529,0,0,NA,NA,2050,2750,0,0,0,"MODIS"
"81",76.4138636095141,7.37643488872352,0,2735.97571404139,-25.2091008722323,0,NA,-1,-14,94.9871831708569,-27.4400021392852,-23.6900022231042,0,0,NA,NA,2550,3000,0,0,0,"MODIS"
"82",75.7757545623546,8.03968728025004,0,2949.76376521897,-26.0780468726139,0,NA,0,-13,94.9210285298928,-28.5800021138042,-25.0700021922588,0,0,NA,NA,2750,3250,0,0,0,"MODIS"
"83",75.1557555510746,8.72899734532834,0,3114.74784988272,-26.4851038025341,0,NA,1,-12,94.8324296325254,-28.700002111122,-25.5200021822005,0,0,NA,NA,3000,3450,0,0,0,"MODIS"
"84",74.5471898537124,9.36349337405298,0,3356.89947089947,-27.5548444647582,0,NA,2,-11,94.7412994708995,-29.6400020901114,-25.6000021804124,0,0,NA,NA,3200,3500,0,0,0,"MODIS"
"85",73.953158581904,9.92483879387904,0,3477.17441325357,-27.7317071488696,0,NA,3,-10,94.6549332719742,-31.7300020433962,-24.4900022052228,0,0,NA,NA,3000,3950,0,0,0,"MODIS"
"86",76.6890798917349,7.07987607637464,0,2363.09388497386,-22.6275073580751,0,NA,-3,-14.4166666666667,89.4228493524199,-25.3900021851063,-19.9200023073703,0,0,NA,NA,2050,2750,0,0,0,"MODIS"
"87",76.0416333320044,7.76333211711399,0,2638.7092823904,-24.0183882064561,0,NA,-2,-13.4166666666667,89.1038329659564,-27.2200021442026,-21.800002265349,0,0,NA,NA,2500,3000,0,0,0,"MODIS"
"88",75.4140884724412,8.44178481821238,0,2959.79738736337,-25.7196769311353,0,NA,-1,-12.4166666666667,88.779048253799,-28.3500021189451,-24.8900021962821,0,0,NA,NA,2750,3250,0,0,0,"MODIS"
"89",74.80075889428,9.09912002875105,0,3162.35565819861,-26.4682152095042,0,NA,0,-11.4166666666667,88.4469168591224,-28.4400021169334,-25.2900021873414,0,0,NA,NA,3000,3500,0,0,0,"MODIS"
"90",74.2006716118241,9.69094486895152,0,3270.23248507697,-26.341431632894,0,NA,1,-10.4166666666667,88.1253157398681,-28.5800021138042,-25.2000021893531,0,0,NA,NA,3250,3500,0,0,0,"MODIS"
"91",73.6159721592037,10.2327797984001,0,3418.84057971014,-26.8958579140425,0,NA,2,-9.41666666666667,87.8141752933057,-29.9200020838529,-25.1700021900236,0,0,NA,NA,3250,3750,0,0,0,"MODIS"
"92",73.0557262902173,10.8937053113274,0,3318.8897309587,-25.7609760305476,0,NA,3,-8.41666666666667,87.4659378552482,-30.8600020628422,-22.8300022423267,0,0,NA,NA,3000,4000,0,0,0,"MODIS"
"93",75.6724213938079,8.15457229109643,0,2467.29037703995,-22.309875636057,0,NA,-3,-12.8333333333333,83.5194259988745,-25.510002182424,-19.4600023176521,0,0,NA,NA,2300,3000,0,0,0,"MODIS"
"94",75.0543279348475,8.83474668344912,0,2715.95875276209,-23.4951090283431,0,NA,-2,-11.8333333333333,83.0596390866683,-27.1700021453202,-21.7500022664666,0,0,NA,NA,2550,3250,0,0,0,"MODIS"
"95",74.4481846417443,9.45705094402399,0,3078.70516877637,-25.2391556694895,0,NA,-1,-10.8333333333333,82.5498285864979,-28.3800021182745,-23.8400022197515,0,0,NA,NA,3000,3500,0,0,0,"MODIS"
"96",73.8568196039896,10.0128219380279,0,3173.90814313891,-25.1388835657536,0,NA,0,-9.83333333333333,82.0544970414201,-28.4500021167099,-23.8400022197515,0,0,NA,NA,3000,3500,0,0,0,"MODIS"
"97",73.283868021789,10.5787284166452,0.0954545454545455,3041.60606060606,-23.6084416188667,6.72569984966889,25.6566935804624,1,-8.83333333333333,81.5626939393939,-27.560002136603,-21.0300022825598,0,0,0.532641728763566,11.9661031918129,2750,3500,0,0.469483568075117,0,"MODIS"
"98",72.7359779698504,11.3312330663302,0.406034765496884,2829.15710068875,-21.8143971485966,32.5013964529402,52.8446319715802,2,-7.83333333333333,81.0416759593309,-27.4500021390617,-16.930002374202,0,20.6299995388836,0.859236436694174,63.607577757756,2300,3500,0.16472960930538,0.601990049751244,0.679999984800815,"MODIS"
"99",72.1844394429057,12.0584791319284,0.361851332398317,2952.48948106592,-22.5116151526701,28.6388492897456,62.3568590471198,3,-6.83333333333333,80.514270687237,-29.2500020988285,-14.8400024209171,0,10.899999756366,0.725653257394572,51.9806887933152,2100,4000,0.263327674023769,0.51585666293393,0.30999999307096,"MODIS"
"100",75.6207548095346,8.21201479651962,0,2539.13385826772,-22.8127109041303,0,NA,-3,-12.75,83.8358897637795,-25.4100021846592,-21.510002271831,0,0,NA,NA,2300,2800,0,0,0,"MODIS"
"101",75.003614126734,8.8876213525095,0,NA,NA,NA,NA,-2,-11.75,NA,NA,NA,NA,NA,NA,NA,NA,NA,NA,NA,NA,"MODIS"
"102",74.6486174699395,9.25774403593221,0.630540421145634,2775.97019330087,-23.414232822913,43.0334963139326,197.256005601941,-3,-11.1666666666667,78.7749609777647,-26.0200021710247,-17.8600023534149,0.499999988824129,71.8099983949214,2.64301096346582,216.525915097502,2100,3250,0.55597547043452,0.710560097116216,7.81999982520938,"MODIS"
"103",74.052163793872,9.83128122390803,0.610735227785295,3118.35919843303,-25.2065305250127,42.1098201383091,157.59652059221,-2,-10.1666666666667,78.1741437377838,-27.1600021455437,-18.4400023404509,0,67.7249984862283,2.5951303364406,178.644439944367,2350,3500,0.528578961882139,0.674488131577748,6.55999985337257,"MODIS"
"104",73.4714636923321,10.3647545146234,0.600464756003098,2965.98290598291,-23.4708341327171,42.0347209814422,75.0538211760947,-1,-9.16666666666667,77.5881688613478,-27.2000021446496,-17.2300023674965,0,72.5549983782694,1.42118423319045,78.8133170489584,2300,3500,0.496545353189456,0.662906095886929,5.71999987214804,"MODIS"
"105",72.9188412512743,11.0826914481367,0.566757932034144,2805.94524542362,-22.1556053981465,38.0838226308024,63.8949716645503,0,-8.16666666666667,77.0043678531164,-27.2000021446496,-13.4200024526566,0,42.8199990428984,1.61378364616476,60.9167118870379,1850,3550,0.458396305625525,0.656904648135638,4.44999990053475,"MODIS"
"106",72.3695516146696,11.8214365076128,0.51795465828231,2586.98185450308,-20.0265503607382,35.2693124666752,92.5058974193822,1,-7.16666666666667,76.4172530200232,-26.7300021551549,-11.2400025013834,0,29.2449993463233,1.75736909902349,71.3425342979459,1650,3500,0.404878048780488,0.59825918762089,3.06999993138015,"MODIS"
"107",71.8104171110311,12.5164461879081,0.462440516655337,2642.20462850183,-19.9280579874893,31.7978171002763,57.0896523081033,2,-6.16666666666667,75.8233939496941,-28.3400021191686,-10.3500025212765,0,20.4924995419569,1.15033160866243,43.4339268579025,1400,3750,0.334229407346472,0.623695062398264,1.4899999666959,"MODIS"
"108",71.2676895411812,13.1034300458488,0.484085344526058,3068.12813171081,-22.8772582122649,29.6768933555574,20.9903502125351,3,-5.16666666666667,75.2548495977615,-31.870002040267,-11.1200025040656,0,18.6799995824695,0.748035475703289,12.3201504088761,1650,4250,0.298369274639102,0.672441221709514,2.05499995406717,"MODIS"
"109",73.712311137118,10.1447966542512,0.678907022749753,2908.97403737614,-23.570941850323,40.2549953910319,146.549154302304,-3,-9.58333333333333,76.3481194362018,-26.5500021591782,-13.180002458021,0.42749999044463,50.7249988662079,3.31618470010251,134.854332767356,1650,3300,0.588255928302767,0.767097501734906,8.26499981526285,"MODIS"
"110",73.146982982846,10.7677145534545,0.644263490520175,3133.30021115389,-24.8444224103244,38.8220944166533,108.749184673399,-2,-8.58333333333333,75.7845381623724,-28.0500021256506,-13.1500024586916,0,46.542498959694,1.7228084305014,76.9163316050352,1650,3750,0.541333905352782,0.712340871915226,7.04499984253198,"MODIS"
"111",72.5985680866576,11.5150593568112,0.640504807692308,3228.85446241205,-25.119524955232,41.348067585414,68.4742361982272,-1,-7.58333333333333,75.2415709134615,-29.2300020992756,-12.1900024801492,0,61.2599986307323,1.55133792424068,46.5056012548063,1650,3800,0.523956799214531,0.709117023012894,7.05499984230846,"MODIS"
"112",72.0441810684528,12.2302167779207,0.567247969421882,2809.26539982145,-21.0341635985606,33.5748487478714,86.5011761986769,0,-6.58333333333333,74.6925047778309,-27.6700021341443,-9.91000253111122,0,27.6699993815273,1.37704981767931,42.4218787788442,1200,3750,0.447272727272727,0.703032813259487,4.4799998998642,"MODIS"
"113",71.4923005346218,12.8671839988759,0.545995797338314,2762.92834890966,-20.1557516029189,32.1867118652078,77.953277120187,1,-5.58333333333333,74.1518935325706,-27.6700021341443,-9.80000253356991,0,24.9624994420446,1.29901074186957,42.8328027111828,1200,3750,0.429896991497711,0.678144336675982,3.86499991361052,"MODIS"
"114",70.970939483156,13.4057494847332,0.592656537753223,3327.93120155039,-25.266217520612,34.1102478563611,42.7662169895924,2,-4.58333333333333,73.6415550184162,-35.9600019488483,-8.97000255212185,0,28.2049993695691,0.821782865887412,15.1317660649344,1650,4550,0.444364508393285,0.755095381526104,5.18499988410622,"MODIS"
"115",70.4925465628161,13.9009382090867,0.608432358318099,3821.22658610272,-29.7049665181573,33.8015828825013,19.282856480259,3,-3.58333333333333,73.172446297989,-48.3700016714632,-14.360002431646,0,29.0999993495643,0.685836830226525,8.95230221983483,2350,5550,0.332748328852273,0.817001862197393,5.99499986600131,"MODIS"
"116",73.6641416481608,10.1887882263257,0,NA,NA,NA,NA,-3,-9.5,NA,NA,NA,NA,NA,NA,NA,NA,NA,NA,NA,NA,"MODIS"
"117",72.781781264248,11.2699576361699,0.647174254317112,2707.41758241758,-20.9718664910816,57.8297161328368,103.057341720706,-3,-7.91666666666667,77.1470800627944,-26.2000021670013,-15.0800024155527,0.857499980833381,149.999996647239,3.88230922386471,113.952339019191,2100,3550,0.512048192771084,0.764503042596349,12.7149997157976,"MODIS"
"118",72.2311922343901,12.0012332499309,0.562398042414356,2651.63132137031,-20.3177714665065,49.3787917184839,73.3292313050847,-2,-6.91666666666667,76.750795269168,-27.2900021426379,-13.5300024501979,0,149.999996647239,1.87564487538705,59.1036764083433,1900,3550,0.420340258958145,0.675,4.77499989327043,"MODIS"
"119",71.6719893293743,12.6781871612976,0.579842389050187,2953.56698465367,-21.8776546899934,46.7724045953682,43.6107142190802,-1,-5.91666666666667,76.3475694732476,-28.970002105087,-15.6500024028122,0,149.999996647239,1.32274630165365,41.9938928098883,2150,3800,0.415843287147635,0.719745222929936,4.8799998909235,"MODIS"
"120",71.1364640116751,13.239492668657,0.548044217687075,2778.93282312925,-20.1615669278221,42.0515466791223,46.6368111347804,0,-4.91666666666667,75.9578146258503,-27.7900021314621,-12.310002477467,0,88.4849980222061,1.37156491194583,44.4044829877291,1900,3800,0.380952380952381,0.67741935483871,3.77999991551042,"MODIS"
"121",70.6435265591613,13.7375467721106,0.566217976552323,3005.12375162831,-21.8072406499038,40.3579973610635,28.2925024479045,1,-3.91666666666667,75.5998480243161,-29.3900020956993,-13.6200024481863,0,57.6149987122044,1.00033535757878,19.2078874837337,2100,4050,0.384615384615385,0.818791946308725,3.91999991238117,"MODIS"
"122",70.1935954015463,14.2301544751012,0.595515695067265,3421.90582959641,-25.4677689995125,39.9223802735845,19.7318549521898,2,-2.91666666666667,75.284865470852,-33.8900019951164,-17.6500023581087,0.57999998703599,51.5124988486059,0.940220420643349,17.0021709575457,2600,4300,0.338129496402878,0.870601478001272,4.28999990411103,"MODIS"
"123",69.7800033115441,14.7499509885768,0.59156378600823,3669.34156378601,-28.759014455483,34.2341401813094,12.1561400864066,3,-1.91666666666667,74.9941820987654,-36.8400019291788,-21.6700022682547,0.442499990109354,28.5399993620813,0.835116624725119,13.242979123818,3300,4550,0.0964206805125939,0.83941605839416,4.08999990858138,"MODIS"
